local_path,description,size_bytes,sha256
work/gc_content/history/gc_skew/after.csv,Current result snapshot,360,2167c919e0936e4203922bdbdc3b2cbce58a8383488f3a3ad03d48422c359d35
work/gc_content/history/gc_skew/analysis_state.rds,R intermediate objects,579,763b97b8f9e238b779ff8d4e1a70b36706669b6f79f8bf496a6dabf13282d70f
work/gc_content/history/gc_skew/before.csv,Previous result snapshot,267,268e874bbd011f368d3b6f5dd497db91b557bd25d61f192eeb22b4ea2767be22
work/gc_content/history/gc_skew/calculate_gc.R,Original script snapshot,2948,edf601869906579fbd2fd6b2dc81deaa73e72fb00d3a53f03da5f658c58fc638
work/gc_content/history/gc_skew/input.fasta,Input snapshot,607,89ceb887f1a5c742c5a3c77e0d08f62d55cd834c88e60c2b79eb178f08cfab44
work/gc_content/history/gc_skew/parsed_sequences.csv,Parsed sequence table,649,91bb70a500d4285c374eef8f3e469d8e651c3f65606f32e0eac2ab101ca34658
work/gc_content/history/gc_skew/run.log,Execution log,726,c282899a8a7737ac694d09c232376f21248a76d17898c9fbd048326f6228971f
work/gc_content/history/gc_skew/session_info.txt,R environment information,584,f0381e5a0df1119aae629d029b7a68d4228e57dfba30c95f0d0f93fd08753cd8
work/gc_content/history/gc_skew/validation.txt,Validation summary,132,2136caa50f10fd86742920c3e4b70c86710ed3339bc7b8257a55e72a41639dfe
